Driver,Compound,TyreLife,LapNumber,lap_time_s
LEC,HARD,2.0,3.0,84.624
LEC,HARD,3.0,4.0,82.625
LEC,HARD,4.0,5.0,81.795
LEC,HARD,5.0,6.0,81.145
LEC,HARD,6.0,7.0,80.98
LEC,HARD,7.0,8.0,81.03
LEC,HARD,8.0,9.0,80.114
LEC,HARD,9.0,10.0,80.775
LEC,HARD,10.0,11.0,81.046
LEC,HARD,11.0,12.0,80.252
LEC,HARD,12.0,13.0,79.017
LEC,HARD,13.0,14.0,79.913
LEC,HARD,14.0,15.0,79.838
LEC,HARD,15.0,16.0,80.156
LEC,HARD,16.0,17.0,80.279
LEC,HARD,17.0,18.0,79.58
LEC,HARD,18.0,19.0,78.842
LEC,HARD,19.0,20.0,78.724
LEC,HARD,20.0,21.0,78.472
LEC,HARD,21.0,22.0,78.62
LEC,HARD,22.0,23.0,78.458
LEC,HARD,23.0,24.0,78.725
LEC,HARD,24.0,25.0,78.973
LEC,HARD,25.0,26.0,78.445
LEC,HARD,26.0,27.0,78.351
LEC,HARD,27.0,28.0,78.71
LEC,HARD,28.0,29.0,79.053
LEC,HARD,29.0,30.0,79.935
LEC,HARD,30.0,31.0,78.393
LEC,HARD,31.0,32.0,79.125
LEC,HARD,32.0,33.0,78.494
LEC,HARD,33.0,34.0,79.319
LEC,HARD,34.0,35.0,78.53
LEC,HARD,35.0,36.0,78.689
LEC,HARD,36.0,37.0,78.925
LEC,HARD,37.0,38.0,78.528
LEC,HARD,38.0,39.0,78.181
LEC,HARD,39.0,40.0,78.733
LEC,HARD,40.0,41.0,78.694
LEC,HARD,41.0,42.0,79.277
LEC,HARD,42.0,43.0,77.865
LEC,HARD,43.0,44.0,78.276
LEC,HARD,44.0,45.0,78.541
LEC,HARD,45.0,46.0,78.567
LEC,HARD,46.0,47.0,79.185
LEC,HARD,47.0,48.0,77.941
LEC,HARD,48.0,49.0,78.506
LEC,HARD,49.0,50.0,78.185
LEC,HARD,50.0,51.0,77.79
LEC,HARD,51.0,52.0,78.311
LEC,HARD,52.0,53.0,77.748
LEC,HARD,53.0,54.0,77.357
LEC,HARD,54.0,55.0,77.444
LEC,HARD,55.0,56.0,77.266
LEC,HARD,56.0,57.0,77.64
LEC,HARD,57.0,58.0,77.028
LEC,HARD,58.0,59.0,77.034
LEC,HARD,59.0,60.0,76.414
LEC,HARD,60.0,61.0,76.863
LEC,HARD,61.0,62.0,77.454
LEC,HARD,62.0,63.0,76.971
LEC,HARD,63.0,64.0,76.56
LEC,HARD,64.0,65.0,76.607
LEC,HARD,65.0,66.0,76.489
LEC,HARD,66.0,67.0,75.941
LEC,HARD,67.0,68.0,76.082
LEC,HARD,68.0,69.0,76.373
LEC,HARD,69.0,70.0,75.767
LEC,HARD,70.0,71.0,75.162
LEC,HARD,71.0,72.0,75.547
LEC,HARD,72.0,73.0,76.219
LEC,HARD,73.0,74.0,76.105
LEC,HARD,74.0,75.0,76.387
LEC,HARD,75.0,76.0,76.808
LEC,HARD,76.0,77.0,76.933
LEC,HARD,77.0,78.0,78.636
PIA,HARD,3.0,3.0,84.953
PIA,HARD,4.0,4.0,82.314
PIA,HARD,5.0,5.0,82.019
PIA,HARD,6.0,6.0,81.354
PIA,HARD,7.0,7.0,80.808
PIA,HARD,8.0,8.0,81.058
PIA,HARD,9.0,9.0,79.906
PIA,HARD,10.0,10.0,80.89
PIA,HARD,11.0,11.0,80.898
PIA,HARD,12.0,12.0,80.135
PIA,HARD,13.0,13.0,78.745
PIA,HARD,14.0,14.0,80.014
PIA,HARD,15.0,15.0,80.264
PIA,HARD,16.0,16.0,79.829
PIA,HARD,17.0,17.0,80.028
PIA,HARD,18.0,18.0,79.832
PIA,HARD,19.0,19.0,79.179
PIA,HARD,20.0,20.0,79.055
PIA,HARD,21.0,21.0,78.601
PIA,HARD,22.0,22.0,78.585
PIA,HARD,23.0,23.0,78.658
PIA,HARD,24.0,24.0,78.636
PIA,HARD,25.0,25.0,78.784
PIA,HARD,26.0,26.0,78.44
PIA,HARD,27.0,27.0,78.523
PIA,HARD,28.0,28.0,78.791
PIA,HARD,29.0,29.0,79.01
PIA,HARD,30.0,30.0,79.396
PIA,HARD,31.0,31.0,78.449
PIA,HARD,32.0,32.0,78.969
PIA,HARD,33.0,33.0,79.06
PIA,HARD,34.0,34.0,78.978
PIA,HARD,35.0,35.0,78.605
PIA,HARD,36.0,36.0,78.882
PIA,HARD,37.0,37.0,78.612
PIA,HARD,38.0,38.0,78.731
PIA,HARD,39.0,39.0,78.362
PIA,HARD,40.0,40.0,78.951
PIA,HARD,41.0,41.0,78.846
PIA,HARD,42.0,42.0,79.795
PIA,HARD,43.0,43.0,78.198
PIA,HARD,44.0,44.0,78.277
PIA,HARD,45.0,45.0,78.082
PIA,HARD,46.0,46.0,78.623
PIA,HARD,47.0,47.0,78.399
PIA,HARD,48.0,48.0,78.395
PIA,HARD,49.0,49.0,78.136
PIA,HARD,50.0,50.0,78.35
PIA,HARD,51.0,51.0,77.909
PIA,HARD,52.0,52.0,78.214
PIA,HARD,53.0,53.0,77.609
PIA,HARD,54.0,54.0,77.362
PIA,HARD,55.0,55.0,77.445
PIA,HARD,56.0,56.0,77.456
PIA,HARD,57.0,57.0,77.3
PIA,HARD,58.0,58.0,77.344
PIA,HARD,59.0,59.0,77.042
PIA,HARD,60.0,60.0,76.617
PIA,HARD,61.0,61.0,76.771
PIA,HARD,62.0,62.0,77.095
PIA,HARD,63.0,63.0,76.921
PIA,HARD,64.0,64.0,76.909
PIA,HARD,65.0,65.0,76.391
PIA,HARD,66.0,66.0,76.64
PIA,HARD,67.0,67.0,76.596
PIA,HARD,68.0,68.0,76.601
PIA,HARD,69.0,69.0,77.371
PIA,HARD,70.0,70.0,77.27
PIA,HARD,71.0,71.0,77.184
PIA,HARD,72.0,72.0,76.652
PIA,HARD,73.0,73.0,76.281
PIA,HARD,74.0,74.0,76.356
PIA,HARD,75.0,75.0,76.644
PIA,HARD,76.0,76.0,76.59
PIA,HARD,77.0,77.0,76.734
PIA,HARD,78.0,78.0,77.126
SAI,HARD,2.0,3.0,85.012
SAI,HARD,3.0,4.0,82.358
SAI,HARD,4.0,5.0,81.978
SAI,HARD,5.0,6.0,81.163
SAI,HARD,6.0,7.0,81.466
SAI,HARD,7.0,8.0,80.272
SAI,HARD,8.0,9.0,80.525
SAI,HARD,9.0,10.0,81.259
SAI,HARD,10.0,11.0,80.246
SAI,HARD,11.0,12.0,79.974
SAI,HARD,12.0,13.0,80.017
SAI,HARD,13.0,14.0,79.48
SAI,HARD,14.0,15.0,79.543
SAI,HARD,15.0,16.0,80.579
SAI,HARD,16.0,17.0,80.076
SAI,HARD,17.0,18.0,79.177
SAI,HARD,18.0,19.0,79.445
SAI,HARD,19.0,20.0,79.403
SAI,HARD,20.0,21.0,78.917
SAI,HARD,21.0,22.0,78.889
SAI,HARD,22.0,23.0,78.993
SAI,HARD,23.0,24.0,78.568
SAI,HARD,24.0,25.0,78.537
SAI,HARD,25.0,26.0,78.088
SAI,HARD,26.0,27.0,79.49
SAI,HARD,27.0,28.0,79.281
SAI,HARD,28.0,29.0,78.697
SAI,HARD,29.0,30.0,77.326
SAI,HARD,30.0,31.0,79.784
SAI,HARD,31.0,32.0,80.136
SAI,HARD,32.0,33.0,78.778
SAI,HARD,33.0,34.0,79.013
SAI,HARD,34.0,35.0,78.465
SAI,HARD,35.0,36.0,79.275
SAI,HARD,36.0,37.0,77.577
SAI,HARD,37.0,38.0,78.412
SAI,HARD,38.0,39.0,78.31
SAI,HARD,39.0,40.0,78.653
SAI,HARD,40.0,41.0,78.714
SAI,HARD,41.0,42.0,79.171
SAI,HARD,42.0,43.0,79.594
SAI,HARD,43.0,44.0,78.762
SAI,HARD,44.0,45.0,77.885
SAI,HARD,45.0,46.0,78.731
SAI,HARD,46.0,47.0,78.141
SAI,HARD,47.0,48.0,77.894
SAI,HARD,48.0,49.0,78.259
SAI,HARD,49.0,50.0,78.545
SAI,HARD,50.0,51.0,77.528
SAI,HARD,51.0,52.0,78.094
SAI,HARD,52.0,53.0,77.759
SAI,HARD,53.0,54.0,77.742
SAI,HARD,54.0,55.0,78.661
SAI,HARD,55.0,56.0,78.119
SAI,HARD,56.0,57.0,77.599
SAI,HARD,57.0,58.0,77.501
SAI,HARD,58.0,59.0,77.134
SAI,HARD,59.0,60.0,75.159
SAI,HARD,60.0,61.0,79.046
SAI,HARD,61.0,62.0,74.726
SAI,HARD,62.0,63.0,78.207
SAI,HARD,63.0,64.0,74.813
SAI,HARD,64.0,65.0,78.137
SAI,HARD,65.0,66.0,75.409
SAI,HARD,66.0,67.0,76.847
SAI,HARD,67.0,68.0,75.595
SAI,HARD,68.0,69.0,76.218
SAI,HARD,69.0,70.0,77.117
SAI,HARD,70.0,71.0,77.214
SAI,HARD,71.0,72.0,76.785
SAI,HARD,72.0,73.0,76.417
SAI,HARD,73.0,74.0,76.063
SAI,HARD,74.0,75.0,76.905
SAI,HARD,75.0,76.0,76.328
SAI,HARD,76.0,77.0,76.701
SAI,HARD,77.0,78.0,77.072
NOR,HARD,3.0,3.0,85.283
NOR,HARD,4.0,4.0,82.782
NOR,HARD,5.0,5.0,82.147
NOR,HARD,6.0,6.0,81.804
NOR,HARD,7.0,7.0,80.828
NOR,HARD,8.0,8.0,80.82
NOR,HARD,9.0,9.0,80.397
NOR,HARD,10.0,10.0,80.972
NOR,HARD,11.0,11.0,80.87
NOR,HARD,12.0,12.0,79.933
NOR,HARD,13.0,13.0,79.82
NOR,HARD,14.0,14.0,79.385
NOR,HARD,15.0,15.0,79.775
NOR,HARD,16.0,16.0,79.637
NOR,HARD,17.0,17.0,80.337
NOR,HARD,18.0,18.0,79.398
NOR,HARD,19.0,19.0,79.28
NOR,HARD,20.0,20.0,79.043
NOR,HARD,21.0,21.0,78.983
NOR,HARD,22.0,22.0,78.981
NOR,HARD,23.0,23.0,79.194
NOR,HARD,24.0,24.0,78.699
NOR,HARD,25.0,25.0,78.64
NOR,HARD,26.0,26.0,78.396
NOR,HARD,27.0,27.0,78.72
NOR,HARD,28.0,28.0,79.238
NOR,HARD,29.0,29.0,78.766
NOR,HARD,30.0,30.0,78.403
NOR,HARD,31.0,31.0,78.78
NOR,HARD,32.0,32.0,79.538
NOR,HARD,33.0,33.0,79.233
NOR,HARD,34.0,34.0,79.243
NOR,HARD,35.0,35.0,78.714
NOR,HARD,36.0,36.0,78.582
NOR,HARD,37.0,37.0,77.958
NOR,HARD,38.0,38.0,77.994
NOR,HARD,39.0,39.0,78.303
NOR,HARD,40.0,40.0,78.824
NOR,HARD,41.0,41.0,78.519
NOR,HARD,42.0,42.0,79.436
NOR,HARD,43.0,43.0,79.796
NOR,HARD,44.0,44.0,78.906
NOR,HARD,45.0,45.0,77.897
NOR,HARD,46.0,46.0,78.215
NOR,HARD,47.0,47.0,78.141
NOR,HARD,48.0,48.0,77.975
NOR,HARD,49.0,49.0,78.177
NOR,HARD,50.0,50.0,78.218
NOR,HARD,51.0,51.0,77.772
NOR,HARD,52.0,52.0,78.223
NOR,HARD,53.0,53.0,77.57
NOR,HARD,54.0,54.0,77.838
NOR,HARD,55.0,55.0,78.382
NOR,HARD,56.0,56.0,78.155
NOR,HARD,57.0,57.0,77.815
NOR,HARD,58.0,58.0,77.395
NOR,HARD,59.0,59.0,77.122
NOR,HARD,60.0,60.0,76.695
NOR,HARD,61.0,61.0,77.614
NOR,HARD,62.0,62.0,76.026
NOR,HARD,63.0,63.0,76.876
NOR,HARD,64.0,64.0,75.742
NOR,HARD,65.0,65.0,77.143
NOR,HARD,66.0,66.0,76.214
NOR,HARD,67.0,67.0,76.115
NOR,HARD,68.0,68.0,76.172
NOR,HARD,69.0,69.0,76.314
NOR,HARD,70.0,70.0,77.213
NOR,HARD,71.0,71.0,76.609
NOR,HARD,72.0,72.0,76.801
NOR,HARD,73.0,73.0,76.285
NOR,HARD,74.0,74.0,76.429
NOR,HARD,75.0,75.0,76.517
NOR,HARD,76.0,76.0,76.671
NOR,HARD,77.0,77.0,76.512
NOR,HARD,78.0,78.0,77.296
RUS,MEDIUM,2.0,3.0,85.319
RUS,MEDIUM,3.0,4.0,82.868
RUS,MEDIUM,4.0,5.0,83.045
RUS,MEDIUM,5.0,6.0,83.012
RUS,MEDIUM,6.0,7.0,81.415
RUS,MEDIUM,7.0,8.0,81.612
RUS,MEDIUM,8.0,9.0,81.433
RUS,MEDIUM,9.0,10.0,81.531
RUS,MEDIUM,10.0,11.0,81.452
RUS,MEDIUM,11.0,12.0,80.316
RUS,MEDIUM,12.0,13.0,80.525
RUS,MEDIUM,13.0,14.0,80.272
RUS,MEDIUM,14.0,15.0,80.202
RUS,MEDIUM,15.0,16.0,79.913
RUS,MEDIUM,16.0,17.0,80.15
RUS,MEDIUM,17.0,18.0,79.438
RUS,MEDIUM,18.0,19.0,80.157
RUS,MEDIUM,19.0,20.0,80.053
RUS,MEDIUM,20.0,21.0,79.788
RUS,MEDIUM,21.0,22.0,79.691
RUS,MEDIUM,22.0,23.0,79.397
RUS,MEDIUM,23.0,24.0,79.484
RUS,MEDIUM,24.0,25.0,78.651
RUS,MEDIUM,25.0,26.0,79.006
RUS,MEDIUM,26.0,27.0,78.927
RUS,MEDIUM,27.0,28.0,78.679
RUS,MEDIUM,28.0,29.0,78.624
RUS,MEDIUM,29.0,30.0,78.811
RUS,MEDIUM,30.0,31.0,79.101
RUS,MEDIUM,31.0,32.0,79.122
RUS,MEDIUM,32.0,33.0,78.91
RUS,MEDIUM,33.0,34.0,79.379
RUS,MEDIUM,34.0,35.0,80.448
RUS,MEDIUM,35.0,36.0,79.728
RUS,MEDIUM,36.0,37.0,78.757
RUS,MEDIUM,37.0,38.0,78.446
RUS,MEDIUM,38.0,39.0,78.45
RUS,MEDIUM,39.0,40.0,78.139
RUS,MEDIUM,40.0,41.0,78.308
RUS,MEDIUM,41.0,42.0,78.204
RUS,MEDIUM,42.0,43.0,78.684
RUS,MEDIUM,43.0,44.0,78.177
RUS,MEDIUM,44.0,45.0,78.449
RUS,MEDIUM,45.0,46.0,78.387
RUS,MEDIUM,46.0,47.0,78.314
RUS,MEDIUM,47.0,48.0,78.702
RUS,MEDIUM,48.0,49.0,78.985
RUS,MEDIUM,49.0,50.0,78.447
RUS,MEDIUM,50.0,51.0,78.049
RUS,MEDIUM,51.0,52.0,78.602
RUS,MEDIUM,52.0,53.0,80.891
RUS,MEDIUM,53.0,54.0,78.201
RUS,MEDIUM,54.0,55.0,77.305
RUS,MEDIUM,55.0,56.0,77.071
RUS,MEDIUM,56.0,57.0,76.91
RUS,MEDIUM,57.0,58.0,77.142
RUS,MEDIUM,58.0,59.0,76.842
RUS,MEDIUM,59.0,60.0,76.604
RUS,MEDIUM,60.0,61.0,76.697
RUS,MEDIUM,61.0,62.0,76.787
RUS,MEDIUM,62.0,63.0,76.581
RUS,MEDIUM,63.0,64.0,76.133
RUS,MEDIUM,64.0,65.0,75.651
RUS,MEDIUM,65.0,66.0,75.848
RUS,MEDIUM,66.0,67.0,76.157
RUS,MEDIUM,67.0,68.0,75.931
RUS,MEDIUM,68.0,69.0,75.869
RUS,MEDIUM,69.0,70.0,75.251
RUS,MEDIUM,70.0,71.0,75.827
RUS,MEDIUM,71.0,72.0,75.839
RUS,MEDIUM,72.0,73.0,75.228
RUS,MEDIUM,73.0,74.0,75.376
RUS,MEDIUM,74.0,75.0,75.525
RUS,MEDIUM,75.0,76.0,75.753
RUS,MEDIUM,76.0,77.0,75.532
RUS,MEDIUM,77.0,78.0,76.303
VER,MEDIUM,2.0,3.0,85.744
VER,MEDIUM,3.0,4.0,83.275
VER,MEDIUM,4.0,5.0,83.4
VER,MEDIUM,5.0,6.0,83.787
VER,MEDIUM,6.0,7.0,81.283
VER,MEDIUM,7.0,8.0,81.657
VER,MEDIUM,8.0,9.0,81.74
VER,MEDIUM,9.0,10.0,81.244
VER,MEDIUM,10.0,11.0,81.492
VER,MEDIUM,11.0,12.0,80.659
VER,MEDIUM,12.0,13.0,79.904
VER,MEDIUM,13.0,14.0,79.723
VER,MEDIUM,14.0,15.0,80.37
VER,MEDIUM,15.0,16.0,80.287
VER,MEDIUM,16.0,17.0,79.898
VER,MEDIUM,17.0,18.0,79.58
VER,MEDIUM,18.0,19.0,80.171
VER,MEDIUM,19.0,20.0,79.886
VER,MEDIUM,20.0,21.0,80.255
VER,MEDIUM,21.0,22.0,79.813
VER,MEDIUM,22.0,23.0,78.979
VER,MEDIUM,23.0,24.0,79.364
VER,MEDIUM,24.0,25.0,79.38
VER,MEDIUM,25.0,26.0,78.818
VER,MEDIUM,26.0,27.0,78.797
VER,MEDIUM,27.0,28.0,78.682
VER,MEDIUM,28.0,29.0,78.795
VER,MEDIUM,29.0,30.0,78.574
VER,MEDIUM,30.0,31.0,78.564
VER,MEDIUM,31.0,32.0,78.983
VER,MEDIUM,32.0,33.0,79.005
VER,MEDIUM,33.0,34.0,79.594
VER,MEDIUM,34.0,35.0,80.207
VER,MEDIUM,35.0,36.0,79.634
VER,MEDIUM,36.0,37.0,79.429
VER,MEDIUM,37.0,38.0,78.844
VER,MEDIUM,38.0,39.0,78.326
VER,MEDIUM,39.0,40.0,78.409
VER,MEDIUM,40.0,41.0,78.083
VER,MEDIUM,41.0,42.0,78.074
VER,MEDIUM,42.0,43.0,78.358
VER,MEDIUM,43.0,44.0,78.405
VER,MEDIUM,44.0,45.0,78.313
VER,MEDIUM,45.0,46.0,78.203
VER,MEDIUM,46.0,47.0,78.537
VER,MEDIUM,47.0,48.0,78.337
VER,MEDIUM,48.0,49.0,78.477
VER,MEDIUM,49.0,50.0,78.88
VER,MEDIUM,50.0,51.0,78.142
VER,HARD,3.0,54.0,75.815
VER,HARD,4.0,55.0,75.398
VER,HARD,5.0,56.0,75.466
VER,HARD,6.0,57.0,76.181
VER,HARD,7.0,58.0,74.569
VER,HARD,8.0,59.0,74.748
VER,HARD,9.0,60.0,75.238
VER,HARD,10.0,61.0,75.121
VER,HARD,11.0,62.0,76.561
VER,HARD,12.0,63.0,76.547
VER,HARD,13.0,64.0,76.619
VER,HARD,14.0,65.0,75.468
VER,HARD,15.0,66.0,76.121
VER,HARD,16.0,67.0,76.276
VER,HARD,17.0,68.0,75.954
VER,HARD,18.0,69.0,75.463
VER,HARD,19.0,70.0,75.449
VER,HARD,20.0,71.0,75.659
VER,HARD,21.0,72.0,75.733
VER,HARD,22.0,73.0,75.436
VER,HARD,23.0,74.0,75.38
VER,HARD,24.0,75.0,75.396
VER,HARD,25.0,76.0,75.641
VER,HARD,26.0,77.0,75.543
VER,HARD,27.0,78.0,76.248
HAM,MEDIUM,2.0,3.0,87.058
HAM,MEDIUM,3.0,4.0,83.376
HAM,MEDIUM,4.0,5.0,83.64
HAM,MEDIUM,5.0,6.0,83.369
HAM,MEDIUM,6.0,7.0,81.463
HAM,MEDIUM,7.0,8.0,81.612
HAM,MEDIUM,8.0,9.0,81.851
HAM,MEDIUM,9.0,10.0,81.437
HAM,MEDIUM,10.0,11.0,81.325
HAM,MEDIUM,11.0,12.0,81.164
HAM,MEDIUM,12.0,13.0,80.171
HAM,MEDIUM,13.0,14.0,80.126
HAM,MEDIUM,14.0,15.0,79.971
HAM,MEDIUM,15.0,16.0,80.384
HAM,MEDIUM,16.0,17.0,79.738
HAM,MEDIUM,17.0,18.0,80.037
HAM,MEDIUM,18.0,19.0,79.874
HAM,MEDIUM,19.0,20.0,80.504
HAM,MEDIUM,20.0,21.0,79.76
HAM,MEDIUM,21.0,22.0,80.59
HAM,MEDIUM,22.0,23.0,79.089
HAM,MEDIUM,23.0,24.0,78.785
HAM,MEDIUM,24.0,25.0,79.342
HAM,MEDIUM,25.0,26.0,79.862
HAM,MEDIUM,26.0,27.0,78.549
HAM,MEDIUM,27.0,28.0,78.587
HAM,MEDIUM,28.0,29.0,78.94
HAM,MEDIUM,29.0,30.0,78.371
HAM,MEDIUM,30.0,31.0,78.471
HAM,MEDIUM,31.0,32.0,78.618
HAM,MEDIUM,32.0,33.0,78.746
HAM,MEDIUM,33.0,34.0,78.86
HAM,MEDIUM,34.0,35.0,79.518
HAM,MEDIUM,35.0,36.0,80.648
HAM,MEDIUM,36.0,37.0,78.605
HAM,MEDIUM,37.0,38.0,80.514
HAM,MEDIUM,38.0,39.0,78.943
HAM,MEDIUM,39.0,40.0,78.673
HAM,MEDIUM,40.0,41.0,78.946
HAM,MEDIUM,41.0,42.0,77.542
HAM,MEDIUM,42.0,43.0,77.867
HAM,MEDIUM,43.0,44.0,78.225
HAM,MEDIUM,44.0,45.0,78.156
HAM,MEDIUM,45.0,46.0,78.104
HAM,MEDIUM,46.0,47.0,78.331
HAM,MEDIUM,47.0,48.0,77.831
HAM,MEDIUM,48.0,49.0,77.398
HAM,MEDIUM,49.0,50.0,78.461
HAM,HARD,3.0,53.0,76.458
HAM,HARD,4.0,54.0,76.388
HAM,HARD,5.0,55.0,76.492
HAM,HARD,6.0,56.0,74.423
HAM,HARD,7.0,57.0,77.857
HAM,HARD,8.0,58.0,76.855
HAM,HARD,9.0,59.0,74.204
HAM,HARD,10.0,60.0,75.848
HAM,HARD,11.0,61.0,75.274
HAM,HARD,12.0,62.0,75.414
HAM,HARD,13.0,63.0,74.165
HAM,HARD,14.0,64.0,76.164
HAM,HARD,15.0,65.0,75.19
HAM,HARD,16.0,66.0,75.342
HAM,HARD,17.0,67.0,76.117
HAM,HARD,18.0,68.0,75.836
HAM,HARD,19.0,69.0,75.648
HAM,HARD,20.0,70.0,75.638
HAM,HARD,21.0,71.0,75.643
HAM,HARD,22.0,72.0,75.468
HAM,HARD,23.0,73.0,75.134
HAM,HARD,24.0,74.0,75.324
HAM,HARD,25.0,75.0,75.324
HAM,HARD,26.0,76.0,75.245
HAM,HARD,27.0,77.0,75.697
HAM,HARD,28.0,78.0,76.355
TSU,HARD,3.0,3.0,87.563
TSU,HARD,4.0,4.0,83.327
TSU,HARD,5.0,5.0,83.493
TSU,HARD,6.0,6.0,83.224
TSU,HARD,7.0,7.0,81.826
TSU,HARD,8.0,8.0,81.651
TSU,HARD,9.0,9.0,81.896
TSU,HARD,10.0,10.0,81.591
TSU,HARD,11.0,11.0,81.289
TSU,HARD,12.0,12.0,81.089
TSU,HARD,13.0,13.0,80.682
TSU,HARD,14.0,14.0,81.249
TSU,HARD,15.0,15.0,80.099
TSU,HARD,16.0,16.0,80.847
TSU,HARD,17.0,17.0,80.335
TSU,HARD,18.0,18.0,80.612
TSU,HARD,19.0,19.0,80.77
TSU,HARD,20.0,20.0,79.991
TSU,HARD,21.0,21.0,80.557
TSU,HARD,22.0,22.0,80.875
TSU,HARD,23.0,23.0,80.45
TSU,HARD,24.0,24.0,80.386
TSU,HARD,25.0,25.0,80.329
TSU,HARD,26.0,26.0,80.448
TSU,HARD,27.0,27.0,80.286
TSU,HARD,28.0,28.0,80.184
TSU,HARD,29.0,29.0,79.837
TSU,HARD,30.0,30.0,80.495
TSU,HARD,31.0,31.0,80.19
TSU,HARD,32.0,32.0,81.023
TSU,HARD,33.0,33.0,80.749
TSU,HARD,34.0,34.0,79.153
TSU,HARD,35.0,35.0,78.973
TSU,HARD,36.0,36.0,79.472
TSU,HARD,37.0,37.0,80.071
TSU,HARD,38.0,38.0,80.117
TSU,HARD,39.0,39.0,79.855
TSU,HARD,40.0,40.0,79.745
TSU,HARD,41.0,41.0,80.772
TSU,HARD,42.0,42.0,80.32
TSU,HARD,43.0,43.0,80.135
TSU,HARD,44.0,44.0,80.394
TSU,HARD,45.0,45.0,80.144
TSU,HARD,46.0,46.0,80.294
TSU,HARD,47.0,47.0,80.426
TSU,HARD,48.0,48.0,80.543
TSU,HARD,49.0,49.0,80.109
TSU,HARD,50.0,50.0,79.553
TSU,HARD,51.0,51.0,78.64
TSU,HARD,52.0,52.0,80.114
TSU,HARD,53.0,53.0,79.854
TSU,HARD,54.0,54.0,85.77
TSU,HARD,55.0,55.0,79.781
TSU,HARD,56.0,56.0,78.502
TSU,HARD,57.0,57.0,78.499
TSU,HARD,58.0,58.0,78.737
TSU,HARD,59.0,59.0,78.035
TSU,HARD,60.0,60.0,79.659
TSU,HARD,61.0,61.0,80.298
TSU,HARD,62.0,62.0,79.375
TSU,HARD,63.0,63.0,83.218
TSU,HARD,64.0,64.0,77.631
TSU,HARD,65.0,65.0,77.019
TSU,HARD,66.0,66.0,78.197
TSU,HARD,67.0,67.0,78.148
TSU,HARD,68.0,68.0,78.209
TSU,HARD,69.0,69.0,80.032
TSU,HARD,70.0,70.0,79.347
TSU,HARD,71.0,71.0,78.258
TSU,HARD,72.0,72.0,77.079
TSU,HARD,73.0,73.0,75.955
TSU,HARD,74.0,74.0,75.462
TSU,HARD,75.0,75.0,74.992
TSU,HARD,76.0,76.0,75.205
TSU,HARD,77.0,77.0,74.72
ALB,HARD,2.0,3.0,87.834
ALB,HARD,3.0,4.0,83.286
ALB,HARD,4.0,5.0,83.369
ALB,HARD,5.0,6.0,83.416
ALB,HARD,6.0,7.0,81.913
ALB,HARD,7.0,8.0,81.536
ALB,HARD,8.0,9.0,82.004
ALB,HARD,9.0,10.0,81.562
ALB,HARD,10.0,11.0,81.514
ALB,HARD,11.0,12.0,80.821
ALB,HARD,12.0,13.0,81.42
ALB,HARD,13.0,14.0,80.591
ALB,HARD,14.0,15.0,80.591
ALB,HARD,15.0,16.0,80.793
ALB,HARD,16.0,17.0,81.137
ALB,HARD,17.0,18.0,80.042
ALB,HARD,18.0,19.0,80.245
ALB,HARD,19.0,20.0,80.36
ALB,HARD,20.0,21.0,80.937
ALB,HARD,21.0,22.0,80.542
ALB,HARD,22.0,23.0,80.143
ALB,HARD,23.0,24.0,80.517
ALB,HARD,24.0,25.0,80.323
ALB,HARD,25.0,26.0,80.463
ALB,HARD,26.0,27.0,80.509
ALB,HARD,27.0,28.0,79.51
ALB,HARD,28.0,29.0,80.271
ALB,HARD,29.0,30.0,81.439
ALB,HARD,30.0,31.0,80.941
ALB,HARD,31.0,32.0,80.148
ALB,HARD,32.0,33.0,79.491
ALB,HARD,33.0,34.0,79.134
ALB,HARD,34.0,35.0,78.816
ALB,HARD,35.0,36.0,81.628
ALB,HARD,36.0,37.0,80.775
ALB,HARD,37.0,38.0,80.314
ALB,HARD,38.0,39.0,80.389
ALB,HARD,39.0,40.0,79.812
ALB,HARD,40.0,41.0,79.329
ALB,HARD,41.0,42.0,80.084
ALB,HARD,42.0,43.0,79.496
ALB,HARD,43.0,44.0,79.683
ALB,HARD,44.0,45.0,81.748
ALB,HARD,45.0,46.0,80.594
ALB,HARD,46.0,47.0,80.462
ALB,HARD,47.0,48.0,79.321
ALB,HARD,48.0,49.0,79.378
ALB,HARD,49.0,50.0,79.268
ALB,HARD,50.0,51.0,78.863
ALB,HARD,51.0,52.0,81.554
ALB,HARD,52.0,53.0,80.7
ALB,HARD,53.0,54.0,83.647
ALB,HARD,54.0,55.0,79.085
ALB,HARD,55.0,56.0,78.796
ALB,HARD,56.0,57.0,78.271
ALB,HARD,57.0,58.0,78.69
ALB,HARD,58.0,59.0,78.201
ALB,HARD,59.0,60.0,79.533
ALB,HARD,60.0,61.0,80.222
ALB,HARD,61.0,62.0,79.506
ALB,HARD,62.0,63.0,83.085
ALB,HARD,63.0,64.0,77.911
ALB,HARD,64.0,65.0,77.261
ALB,HARD,65.0,66.0,78.003
ALB,HARD,66.0,67.0,77.874
ALB,HARD,67.0,68.0,78.385
ALB,HARD,68.0,69.0,79.921
ALB,HARD,69.0,70.0,79.37
ALB,HARD,70.0,71.0,78.957
ALB,HARD,71.0,72.0,78.165
ALB,HARD,72.0,73.0,78.432
ALB,HARD,73.0,74.0,78.014
ALB,HARD,74.0,75.0,77.85
ALB,HARD,75.0,76.0,77.279
ALB,HARD,76.0,77.0,77.06
GAS,MEDIUM,2.0,3.0,88.269
GAS,MEDIUM,3.0,4.0,83.269
GAS,MEDIUM,4.0,5.0,83.428
GAS,MEDIUM,5.0,6.0,83.106
GAS,MEDIUM,6.0,7.0,82.233
GAS,MEDIUM,7.0,8.0,81.6
GAS,MEDIUM,8.0,9.0,82.071
GAS,MEDIUM,9.0,10.0,81.394
GAS,MEDIUM,10.0,11.0,81.298
GAS,MEDIUM,11.0,12.0,81.289
GAS,MEDIUM,12.0,13.0,81.53
GAS,MEDIUM,13.0,14.0,79.92
GAS,MEDIUM,14.0,15.0,81.066
GAS,MEDIUM,15.0,16.0,81.054
GAS,MEDIUM,16.0,17.0,81.961
GAS,MEDIUM,17.0,18.0,80.797
GAS,MEDIUM,18.0,19.0,79.904
GAS,MEDIUM,19.0,20.0,80.255
GAS,MEDIUM,20.0,21.0,79.876
GAS,MEDIUM,21.0,22.0,80.554
GAS,MEDIUM,22.0,23.0,81.306
GAS,MEDIUM,23.0,24.0,80.949
GAS,MEDIUM,24.0,25.0,80.372
GAS,MEDIUM,25.0,26.0,80.593
GAS,MEDIUM,26.0,27.0,80.521
GAS,MEDIUM,27.0,28.0,80.229
GAS,MEDIUM,28.0,29.0,79.376
GAS,MEDIUM,29.0,30.0,81.764
GAS,MEDIUM,30.0,31.0,81.427
GAS,MEDIUM,31.0,32.0,81.121
GAS,MEDIUM,32.0,33.0,80.965
GAS,MEDIUM,33.0,34.0,80.751
GAS,MEDIUM,34.0,35.0,79.361
GAS,MEDIUM,35.0,36.0,79.576
GAS,MEDIUM,36.0,37.0,79.975
GAS,MEDIUM,37.0,38.0,79.428
GAS,MEDIUM,38.0,39.0,80.32
GAS,MEDIUM,39.0,40.0,80.384
GAS,MEDIUM,40.0,41.0,80.2
GAS,MEDIUM,41.0,42.0,79.977
GAS,MEDIUM,42.0,43.0,81.048
GAS,MEDIUM,43.0,44.0,80.621
GAS,MEDIUM,44.0,45.0,79.382
GAS,MEDIUM,45.0,46.0,79.97
GAS,MEDIUM,46.0,47.0,79.435
GAS,MEDIUM,47.0,48.0,79.865
GAS,MEDIUM,48.0,49.0,80.534
GAS,MEDIUM,49.0,50.0,81.023
GAS,MEDIUM,50.0,51.0,84.473
GAS,MEDIUM,51.0,52.0,79.743
GAS,MEDIUM,52.0,53.0,79.917
GAS,MEDIUM,53.0,54.0,79.091
GAS,MEDIUM,54.0,55.0,79.407
GAS,MEDIUM,55.0,56.0,79.704
GAS,MEDIUM,56.0,57.0,79.448
GAS,MEDIUM,57.0,58.0,79.097
GAS,MEDIUM,58.0,59.0,81.378
GAS,MEDIUM,59.0,60.0,80.237
GAS,MEDIUM,60.0,61.0,80.407
GAS,MEDIUM,61.0,62.0,78.469
GAS,MEDIUM,62.0,63.0,79.155
GAS,MEDIUM,63.0,64.0,78.868
GAS,MEDIUM,64.0,65.0,79.22
GAS,MEDIUM,65.0,66.0,78.726
GAS,MEDIUM,66.0,67.0,78.624
GAS,MEDIUM,67.0,68.0,78.545
GAS,MEDIUM,68.0,69.0,78.363
GAS,MEDIUM,69.0,70.0,77.799
GAS,MEDIUM,70.0,71.0,78.14
GAS,MEDIUM,71.0,72.0,78.382
GAS,MEDIUM,72.0,73.0,77.992
GAS,MEDIUM,73.0,74.0,76.689
GAS,MEDIUM,74.0,75.0,78.12
GAS,MEDIUM,75.0,76.0,77.516
GAS,MEDIUM,76.0,77.0,75.625
ALO,MEDIUM,3.0,3.0,89.188
ALO,MEDIUM,4.0,4.0,83.736
ALO,MEDIUM,5.0,5.0,83.575
ALO,MEDIUM,6.0,6.0,82.711
ALO,MEDIUM,7.0,7.0,82.866
ALO,MEDIUM,8.0,8.0,82.284
ALO,MEDIUM,9.0,9.0,81.65
ALO,MEDIUM,10.0,10.0,81.864
ALO,MEDIUM,11.0,11.0,81.418
ALO,MEDIUM,12.0,12.0,81.366
ALO,MEDIUM,13.0,13.0,81.428
ALO,MEDIUM,14.0,14.0,81.392
ALO,MEDIUM,15.0,15.0,81.061
ALO,MEDIUM,16.0,16.0,81.318
ALO,MEDIUM,17.0,17.0,80.799
ALO,MEDIUM,18.0,18.0,81.075
ALO,MEDIUM,19.0,19.0,80.605
ALO,MEDIUM,20.0,20.0,81.11
ALO,MEDIUM,21.0,21.0,80.317
ALO,MEDIUM,22.0,22.0,81.037
ALO,MEDIUM,23.0,23.0,80.246
ALO,MEDIUM,24.0,24.0,81.413
ALO,MEDIUM,25.0,25.0,81.091
ALO,MEDIUM,26.0,26.0,80.858
ALO,MEDIUM,27.0,27.0,81.303
ALO,MEDIUM,28.0,28.0,81.544
ALO,MEDIUM,29.0,29.0,81.205
ALO,MEDIUM,30.0,30.0,81.034
ALO,MEDIUM,31.0,31.0,80.642
ALO,MEDIUM,32.0,32.0,81.01
ALO,MEDIUM,33.0,33.0,80.35
ALO,MEDIUM,34.0,34.0,80.877
ALO,MEDIUM,35.0,35.0,80.432
ALO,MEDIUM,36.0,36.0,81.128
ALO,MEDIUM,37.0,37.0,81.512
ALO,MEDIUM,38.0,38.0,81.082
ALO,MEDIUM,39.0,39.0,81.265
ALO,MEDIUM,40.0,40.0,80.755
ALO,MEDIUM,41.0,41.0,83.446
ALO,MEDIUM,42.0,42.0,83.332
ALO,MEDIUM,43.0,43.0,80.286
ALO,MEDIUM,44.0,44.0,78.852
ALO,MEDIUM,45.0,45.0,79.956
ALO,MEDIUM,46.0,46.0,78.928
ALO,MEDIUM,47.0,47.0,79.109
ALO,MEDIUM,48.0,48.0,80.315
ALO,MEDIUM,49.0,49.0,79.837
ALO,MEDIUM,50.0,50.0,79.334
ALO,MEDIUM,51.0,51.0,80.636
ALO,MEDIUM,52.0,52.0,83.377
ALO,MEDIUM,53.0,53.0,79.992
ALO,MEDIUM,54.0,54.0,79.191
ALO,MEDIUM,55.0,55.0,79.411
ALO,MEDIUM,56.0,56.0,80.739
ALO,MEDIUM,57.0,57.0,80.6
ALO,MEDIUM,58.0,58.0,79.229
ALO,MEDIUM,59.0,59.0,79.219
ALO,MEDIUM,60.0,60.0,79.166
ALO,MEDIUM,61.0,61.0,78.752
ALO,MEDIUM,62.0,62.0,78.816
ALO,MEDIUM,63.0,63.0,78.556
ALO,MEDIUM,64.0,64.0,78.736
ALO,MEDIUM,65.0,65.0,78.633
ALO,MEDIUM,66.0,66.0,78.637
ALO,MEDIUM,67.0,67.0,78.126
ALO,MEDIUM,68.0,68.0,77.939
ALO,MEDIUM,69.0,69.0,78.713
ALO,MEDIUM,70.0,70.0,78.473
ALO,MEDIUM,71.0,71.0,78.133
ALO,MEDIUM,72.0,72.0,78.081
ALO,MEDIUM,73.0,73.0,78.504
ALO,MEDIUM,74.0,74.0,80.336
ALO,MEDIUM,75.0,75.0,78.663
ALO,MEDIUM,76.0,76.0,79.053
RIC,HARD,3.0,3.0,89.656
RIC,HARD,4.0,4.0,83.524
RIC,HARD,5.0,5.0,83.744
RIC,HARD,6.0,6.0,82.748
RIC,HARD,7.0,7.0,82.747
RIC,HARD,8.0,8.0,82.433
RIC,HARD,9.0,9.0,81.528
RIC,HARD,10.0,10.0,81.976
RIC,HARD,11.0,11.0,81.53
RIC,HARD,12.0,12.0,81.277
RIC,HARD,13.0,13.0,81.416
RIC,HARD,14.0,14.0,81.391
RIC,HARD,15.0,15.0,81.177
RIC,HARD,16.0,16.0,81.125
RIC,HARD,17.0,17.0,80.862
RIC,HARD,18.0,18.0,81.108
RIC,HARD,19.0,19.0,81.31
RIC,HARD,20.0,20.0,80.942
RIC,HARD,21.0,21.0,80.817
RIC,HARD,22.0,22.0,80.849
RIC,HARD,23.0,23.0,80.662
RIC,HARD,24.0,24.0,80.348
RIC,HARD,25.0,25.0,81.029
RIC,HARD,26.0,26.0,80.691
RIC,HARD,27.0,27.0,81.365
RIC,HARD,28.0,28.0,81.566
RIC,HARD,29.0,29.0,81.265
RIC,HARD,30.0,30.0,80.9
RIC,HARD,31.0,31.0,80.703
RIC,HARD,32.0,32.0,80.94
RIC,HARD,33.0,33.0,80.395
RIC,HARD,34.0,34.0,80.84
RIC,HARD,35.0,35.0,80.54
RIC,HARD,36.0,36.0,81.126
RIC,HARD,37.0,37.0,81.358
RIC,HARD,38.0,38.0,81.099
RIC,HARD,39.0,39.0,81.255
RIC,HARD,40.0,40.0,80.87
RIC,HARD,41.0,41.0,85.218
RIC,HARD,42.0,42.0,81.527
RIC,HARD,43.0,43.0,81.053
RIC,HARD,44.0,44.0,78.003
RIC,HARD,45.0,45.0,81.761
RIC,HARD,46.0,46.0,77.172
RIC,HARD,47.0,47.0,81.071
RIC,HARD,48.0,48.0,78.282
RIC,HARD,49.0,49.0,79.837
RIC,HARD,50.0,50.0,79.796
RIC,HARD,51.0,51.0,82.683
RIC,HARD,52.0,52.0,80.696
RIC,HARD,53.0,53.0,80.079
RIC,HARD,54.0,54.0,79.176
RIC,HARD,55.0,55.0,79.457
RIC,HARD,56.0,56.0,82.007
RIC,HARD,57.0,57.0,79.672
RIC,HARD,58.0,58.0,79.119
RIC,HARD,59.0,59.0,78.936
RIC,HARD,60.0,60.0,79.23
RIC,HARD,61.0,61.0,78.771
RIC,HARD,62.0,62.0,78.977
RIC,HARD,63.0,63.0,78.805
RIC,HARD,64.0,64.0,78.637
RIC,HARD,65.0,65.0,78.73
RIC,HARD,66.0,66.0,78.248
RIC,HARD,67.0,67.0,78.219
RIC,HARD,68.0,68.0,78.116
RIC,HARD,69.0,69.0,78.386
RIC,HARD,70.0,70.0,78.706
RIC,HARD,71.0,71.0,78.108
RIC,HARD,72.0,72.0,78.068
RIC,HARD,73.0,73.0,78.512
RIC,HARD,74.0,74.0,80.358
RIC,HARD,75.0,75.0,78.645
RIC,HARD,76.0,76.0,78.93
BOT,MEDIUM,2.0,3.0,89.743
BOT,MEDIUM,3.0,4.0,83.386
BOT,MEDIUM,4.0,5.0,83.636
BOT,MEDIUM,5.0,6.0,82.868
BOT,MEDIUM,6.0,7.0,82.832
BOT,MEDIUM,7.0,8.0,82.249
BOT,MEDIUM,8.0,9.0,81.715
BOT,MEDIUM,9.0,10.0,81.947
BOT,MEDIUM,10.0,11.0,81.547
BOT,MEDIUM,11.0,12.0,81.328
BOT,MEDIUM,12.0,13.0,81.54
BOT,MEDIUM,13.0,14.0,81.221
BOT,HARD,3.0,17.0,76.561
BOT,HARD,4.0,18.0,76.567
BOT,HARD,5.0,19.0,77.829
BOT,HARD,6.0,20.0,79.124
BOT,HARD,7.0,21.0,80.462
BOT,HARD,8.0,22.0,81.022
BOT,HARD,9.0,23.0,80.75
BOT,HARD,10.0,24.0,80.564
BOT,HARD,11.0,25.0,80.783
BOT,HARD,12.0,26.0,80.851
BOT,HARD,13.0,27.0,81.37
BOT,HARD,14.0,28.0,81.765
BOT,HARD,15.0,29.0,80.857
BOT,HARD,16.0,30.0,81.47
BOT,HARD,17.0,31.0,80.752
BOT,HARD,18.0,32.0,80.658
BOT,HARD,19.0,33.0,80.525
BOT,HARD,20.0,34.0,80.903
BOT,HARD,21.0,35.0,80.254
BOT,HARD,22.0,36.0,81.196
BOT,HARD,23.0,37.0,81.386
BOT,HARD,24.0,38.0,80.948
BOT,HARD,25.0,39.0,83.172
BOT,HARD,26.0,40.0,83.591
BOT,HARD,27.0,41.0,80.23
BOT,HARD,28.0,42.0,82.109
BOT,HARD,29.0,43.0,80.912
BOT,HARD,30.0,44.0,79.772
BOT,HARD,31.0,45.0,80.043
BOT,HARD,32.0,46.0,80.417
BOT,HARD,33.0,47.0,82.969
BOT,HARD,34.0,48.0,80.562
BOT,HARD,35.0,49.0,80.818
BOT,HARD,36.0,50.0,80.239
BOT,HARD,37.0,51.0,77.205
BOT,HARD,38.0,52.0,77.202
BOT,HARD,39.0,53.0,78.456
BOT,HARD,40.0,54.0,79.403
BOT,HARD,41.0,55.0,80.375
BOT,HARD,42.0,56.0,81.657
BOT,HARD,43.0,57.0,78.994
BOT,HARD,44.0,58.0,79.28
BOT,HARD,45.0,59.0,78.999
BOT,HARD,46.0,60.0,79.069
BOT,HARD,47.0,61.0,78.623
BOT,HARD,48.0,62.0,78.964
BOT,HARD,49.0,63.0,79.024
BOT,HARD,50.0,64.0,78.531
BOT,HARD,51.0,65.0,78.642
BOT,HARD,52.0,66.0,78.383
BOT,HARD,53.0,67.0,78.467
BOT,HARD,54.0,68.0,78.052
BOT,HARD,55.0,69.0,78.088
BOT,HARD,56.0,70.0,78.778
BOT,HARD,57.0,71.0,78.104
BOT,HARD,58.0,72.0,78.347
BOT,HARD,59.0,73.0,80.068
BOT,HARD,60.0,74.0,78.318
BOT,HARD,61.0,75.0,78.779
BOT,HARD,62.0,76.0,78.774
STR,MEDIUM,3.0,3.0,88.303
STR,MEDIUM,4.0,4.0,83.354
STR,MEDIUM,5.0,5.0,83.731
STR,MEDIUM,6.0,6.0,82.977
STR,MEDIUM,7.0,7.0,82.634
STR,MEDIUM,8.0,8.0,81.653
STR,MEDIUM,9.0,9.0,82.09
STR,MEDIUM,10.0,10.0,81.725
STR,MEDIUM,11.0,11.0,81.517
STR,MEDIUM,12.0,12.0,81.471
STR,MEDIUM,13.0,13.0,81.314
STR,MEDIUM,14.0,14.0,80.427
STR,MEDIUM,15.0,15.0,80.781
STR,MEDIUM,16.0,16.0,81.189
STR,MEDIUM,17.0,17.0,81.97
STR,MEDIUM,18.0,18.0,80.698
STR,MEDIUM,19.0,19.0,80.353
STR,MEDIUM,20.0,20.0,79.398
STR,MEDIUM,21.0,21.0,79.016
STR,MEDIUM,22.0,22.0,81.307
STR,MEDIUM,23.0,23.0,81.188
STR,MEDIUM,24.0,24.0,81.621
STR,MEDIUM,25.0,25.0,80.506
STR,MEDIUM,26.0,26.0,80.589
STR,MEDIUM,27.0,27.0,80.307
STR,MEDIUM,28.0,28.0,80.131
STR,MEDIUM,29.0,29.0,79.464
STR,MEDIUM,30.0,30.0,81.422
STR,MEDIUM,31.0,31.0,82.535
STR,MEDIUM,32.0,32.0,81.252
STR,MEDIUM,33.0,33.0,80.536
STR,MEDIUM,34.0,34.0,79.789
STR,MEDIUM,35.0,35.0,79.497
STR,MEDIUM,36.0,36.0,79.297
STR,MEDIUM,37.0,37.0,79.638
STR,MEDIUM,38.0,38.0,79.706
STR,MEDIUM,39.0,39.0,79.867
STR,MEDIUM,40.0,40.0,80.45
STR,MEDIUM,41.0,41.0,80.2
STR,HARD,4.0,44.0,78.551
STR,HARD,5.0,45.0,78.806
STR,HARD,6.0,46.0,78.296
STR,HARD,7.0,47.0,78.062
STR,SOFT,2.0,50.0,77.788
STR,SOFT,3.0,51.0,76.982
STR,SOFT,4.0,52.0,77.35
STR,SOFT,5.0,53.0,81.547
STR,SOFT,6.0,54.0,80.571
STR,SOFT,7.0,55.0,79.963
STR,SOFT,8.0,56.0,77.279
STR,SOFT,9.0,57.0,76.914
STR,SOFT,10.0,58.0,77.156
STR,SOFT,11.0,59.0,76.71
STR,SOFT,12.0,60.0,77.326
STR,SOFT,13.0,61.0,78.298
STR,SOFT,14.0,62.0,79.07
STR,SOFT,15.0,63.0,79.1
STR,SOFT,16.0,64.0,78.425
STR,SOFT,17.0,65.0,78.732
STR,SOFT,18.0,66.0,78.748
STR,SOFT,19.0,67.0,78.636
STR,SOFT,20.0,68.0,78.057
STR,SOFT,21.0,69.0,78.275
STR,SOFT,22.0,70.0,78.557
STR,SOFT,23.0,71.0,78.464
STR,SOFT,24.0,72.0,78.332
STR,SOFT,25.0,73.0,80.709
STR,SOFT,26.0,74.0,78.23
STR,SOFT,27.0,75.0,78.511
STR,SOFT,28.0,76.0,78.623
SAR,HARD,3.0,3.0,90.077
SAR,HARD,4.0,4.0,83.682
SAR,HARD,5.0,5.0,83.674
SAR,HARD,6.0,6.0,82.739
SAR,HARD,7.0,7.0,82.899
SAR,HARD,8.0,8.0,82.221
SAR,HARD,9.0,9.0,81.679
SAR,HARD,10.0,10.0,81.944
SAR,HARD,11.0,11.0,81.492
SAR,HARD,12.0,12.0,81.404
SAR,HARD,13.0,13.0,81.499
SAR,HARD,14.0,14.0,81.219
SAR,HARD,15.0,15.0,81.34
SAR,HARD,16.0,16.0,80.646
SAR,HARD,17.0,17.0,81.016
SAR,HARD,18.0,18.0,81.031
SAR,HARD,19.0,19.0,81.221
SAR,HARD,20.0,20.0,80.853
SAR,HARD,21.0,21.0,80.849
SAR,HARD,22.0,22.0,80.897
SAR,HARD,23.0,23.0,80.593
SAR,HARD,24.0,24.0,80.395
SAR,HARD,25.0,25.0,80.903
SAR,HARD,26.0,26.0,80.929
SAR,HARD,27.0,27.0,81.231
SAR,HARD,28.0,28.0,81.604
SAR,HARD,29.0,29.0,81.334
SAR,HARD,30.0,30.0,80.84
SAR,HARD,31.0,31.0,80.775
SAR,HARD,32.0,32.0,80.797
SAR,HARD,33.0,33.0,80.53
SAR,HARD,34.0,34.0,80.738
SAR,HARD,35.0,35.0,80.584
SAR,HARD,36.0,36.0,81.134
SAR,HARD,37.0,37.0,81.404
SAR,HARD,38.0,38.0,81.131
SAR,HARD,39.0,39.0,81.273
SAR,HARD,40.0,40.0,81.78
SAR,HARD,41.0,41.0,84.378
SAR,HARD,42.0,42.0,81.87
SAR,HARD,43.0,43.0,80.552
SAR,HARD,44.0,44.0,79.511
SAR,HARD,45.0,45.0,80.72
SAR,HARD,46.0,46.0,80.124
SAR,HARD,47.0,47.0,79.888
SAR,HARD,48.0,48.0,80.97
SAR,HARD,49.0,49.0,83.966
SAR,HARD,50.0,50.0,80.292
SAR,HARD,51.0,51.0,81.817
SAR,HARD,52.0,52.0,80.78
SAR,HARD,53.0,53.0,81.318
SAR,HARD,54.0,54.0,82.289
SAR,HARD,55.0,55.0,80.342
SAR,HARD,56.0,56.0,81.474
SAR,MEDIUM,2.0,59.0,75.594
SAR,MEDIUM,3.0,60.0,75.58
SAR,MEDIUM,4.0,61.0,75.558
SAR,MEDIUM,5.0,62.0,75.525
SAR,MEDIUM,6.0,63.0,75.688
SAR,MEDIUM,7.0,64.0,76.895
SAR,MEDIUM,8.0,65.0,79.869
SAR,MEDIUM,9.0,66.0,80.799
SAR,MEDIUM,10.0,67.0,80.347
SAR,MEDIUM,11.0,68.0,80.004
SAR,MEDIUM,12.0,69.0,76.077
SAR,MEDIUM,13.0,70.0,76.866
SAR,MEDIUM,14.0,71.0,76.326
SAR,MEDIUM,15.0,72.0,76.402
SAR,MEDIUM,16.0,73.0,76.37
SAR,MEDIUM,17.0,74.0,76.863
SAR,MEDIUM,18.0,75.0,76.324
SAR,MEDIUM,19.0,76.0,77.197
ZHO,HARD,2.0,3.0,90.396
ZHO,HARD,3.0,4.0,83.698
ZHO,HARD,4.0,5.0,83.494
ZHO,HARD,5.0,6.0,82.649
ZHO,HARD,6.0,7.0,82.934
ZHO,HARD,7.0,8.0,82.182
ZHO,HARD,8.0,9.0,81.81
ZHO,HARD,9.0,10.0,81.944
ZHO,HARD,10.0,11.0,81.563
ZHO,HARD,11.0,12.0,81.193
ZHO,HARD,12.0,13.0,81.529
ZHO,HARD,13.0,14.0,81.264
ZHO,HARD,14.0,15.0,81.447
ZHO,HARD,15.0,16.0,80.481
ZHO,HARD,16.0,17.0,80.979
ZHO,HARD,17.0,18.0,80.911
ZHO,HARD,18.0,19.0,81.42
ZHO,HARD,19.0,20.0,80.904
ZHO,HARD,20.0,21.0,80.669
ZHO,HARD,21.0,22.0,81.083
ZHO,HARD,22.0,23.0,80.792
ZHO,HARD,23.0,24.0,80.347
ZHO,HARD,24.0,25.0,80.763
ZHO,HARD,25.0,26.0,80.869
ZHO,HARD,26.0,27.0,81.293
ZHO,HARD,27.0,28.0,81.516
ZHO,HARD,28.0,29.0,81.338
ZHO,HARD,29.0,30.0,81.044
ZHO,HARD,30.0,31.0,80.806
ZHO,HARD,31.0,32.0,80.782
ZHO,HARD,32.0,33.0,80.677
ZHO,HARD,33.0,34.0,80.736
ZHO,HARD,34.0,35.0,80.372
ZHO,HARD,35.0,36.0,80.986
ZHO,HARD,36.0,37.0,81.449
ZHO,HARD,37.0,38.0,81.09
ZHO,HARD,38.0,39.0,81.233
ZHO,HARD,39.0,40.0,84.969
ZHO,HARD,40.0,41.0,81.127
ZHO,HARD,41.0,42.0,81.957
ZHO,HARD,42.0,43.0,80.578
ZHO,HARD,43.0,44.0,79.61
ZHO,HARD,44.0,45.0,80.686
ZHO,HARD,45.0,46.0,80.146
ZHO,HARD,46.0,47.0,80.075
ZHO,HARD,47.0,48.0,82.481
ZHO,HARD,48.0,49.0,82.134
ZHO,HARD,49.0,50.0,80.946
ZHO,HARD,50.0,51.0,80.962
ZHO,HARD,51.0,52.0,80.97
ZHO,HARD,52.0,53.0,81.375
ZHO,HARD,53.0,54.0,82.153
ZHO,HARD,54.0,55.0,81.399
ZHO,HARD,55.0,56.0,80.315
ZHO,HARD,56.0,57.0,81.119
ZHO,HARD,57.0,58.0,78.795
ZHO,HARD,58.0,59.0,77.936
ZHO,HARD,59.0,60.0,78.545
ZHO,HARD,60.0,61.0,78.707
ZHO,HARD,61.0,62.0,78.817
ZHO,HARD,62.0,63.0,78.789
ZHO,HARD,63.0,64.0,79.295
ZHO,HARD,64.0,65.0,79.719
ZHO,HARD,65.0,66.0,79.749
ZHO,HARD,66.0,67.0,80.357
ZHO,HARD,67.0,68.0,85.217
ZHO,HARD,68.0,69.0,80.484
ZHO,SOFT,2.0,72.0,80.585
ZHO,SOFT,3.0,73.0,75.233
ZHO,SOFT,4.0,74.0,80.473
ZHO,SOFT,5.0,75.0,74.718
ZHO,SOFT,6.0,76.0,77.173
